State/ UT,Sl. No.,District/ Area,Year,Rape,Attempt to commit Rape,Kidnapping & Abduction_Total,Dowry Deaths,Assault on Women with intent to outrage her Modesty_Total,Insult to the Modesty of Women_Total,Cruelty by Husband or his Relatives,Importation of Girls from Foreign Country,Abetment of Suicides of Women,"Dowry Prohibition Act, 1961","Indecent Representation of Women (P) Act, 1986",Protection of Children from Sexual Offences Act,"Protection of Women from Domestic Violence Act, 2005",Immoral Traffic Prevention Act,Total Crimes against Women
Andhra Pradesh,1,Anantapur,2015,32,15,57,12,325,8,276,0,62,157,0,0,0,8,952
Andhra Pradesh,2,Chittoor,2015,31,0,20,10,94,1,202,0,0,0,0,0,0,8,366
Andhra Pradesh,3,Cuddapah,2015,34,7,17,6,211,82,317,0,3,11,0,0,0,2,690
Andhra Pradesh,4,East Godavari,2015,104,19,25,13,574,150,522,0,0,3,9,0,0,19,1438
Andhra Pradesh,5,Guntakal Railway,2015,1,0,0,0,0,0,0,0,0,0,0,0,0,0,1
Andhra Pradesh,6,Guntur,2015,67,27,42,13,298,338,483,0,49,0,0,0,0,8,1325
Andhra Pradesh,7,Guntur Urban,2015,34,5,68,11,159,217,333,0,22,0,1,0,0,24,874
Andhra Pradesh,8,Krishna,2015,77,28,19,17,422,200,575,0,43,0,0,0,0,6,1387
Andhra Pradesh,9,Kurnool,2015,40,7,34,19,479,557,400,0,53,130,0,0,0,0,1719
Andhra Pradesh,10,Nellore,2015,69,18,64,5,314,132,422,0,34,0,0,0,0,5,1063
Andhra Pradesh,11,Prakasham,2015,67,11,44,10,276,12,427,0,38,1,2,0,0,18,906
Andhra Pradesh,12,Rajahmundry,2015,29,2,16,1,120,56,207,0,4,0,0,0,0,0,435
Andhra Pradesh,13,Srikakulam,2015,47,5,28,6,119,21,214,0,16,0,0,0,0,4,460
Andhra Pradesh,14,Tirupathi Urban,2015,20,3,16,7,40,22,106,0,6,0,0,0,0,8,228
Andhra Pradesh,15,Vijayawada City,2015,53,2,26,11,196,123,181,0,24,0,0,0,0,25,641
Andhra Pradesh,16,Vijayawada Railway,2015,2,0,0,1,7,8,0,0,4,0,0,0,0,0,22
Andhra Pradesh,17,Visakha Rural,2015,39,0,23,3,107,43,128,0,0,0,0,0,0,0,343
Andhra Pradesh,18,Visakhapatnam,2015,87,2,126,7,257,9,383,0,0,0,0,0,0,31,902
Andhra Pradesh,19,Vizianagaram,2015,34,0,11,5,191,91,282,0,3,1,0,0,0,7,625
Andhra Pradesh,20,West Godavari,2015,160,55,48,17,427,130,663,0,23,0,0,0,0,31,1554
Andhra Pradesh,21,Total District(s),2015,1027,206,684,174,4616,2200,6121,0,384,303,12,0,0,204,15931
Arunachal Pradesh,1,Anjaw,2015,0,0,0,0,0,0,0,0,0,0,0,0,0,0,0
Arunachal Pradesh,2,Changlang,2015,5,0,7,0,5,0,4,0,0,0,0,0,0,0,21
Arunachal Pradesh,3,Crime Branch,2015,1,0,0,0,0,0,0,0,0,0,0,0,0,0,1
Arunachal Pradesh,4,Dibang Valley,2015,0,0,0,0,1,0,0,0,0,0,0,0,0,0,1
Arunachal Pradesh,5,Kameng East,2015,4,0,1,0,7,0,0,0,0,0,0,0,0,0,12
Arunachal Pradesh,6,Kameng West,2015,1,0,3,0,5,0,1,0,0,0,0,0,0,0,10
Arunachal Pradesh,7,Kurung Kumey,2015,2,0,3,0,0,0,0,0,0,0,0,0,0,0,5
Arunachal Pradesh,8,Lohit,2015,6,0,21,0,12,0,4,0,0,0,0,0,0,0,43
Arunachal Pradesh,9,Longding,2015,0,0,0,0,0,0,0,0,0,0,0,0,0,0,0
Arunachal Pradesh,10,Lower Dibang Valley,2015,1,1,6,0,3,0,0,0,0,0,0,0,0,0,11
Arunachal Pradesh,11,Papum Pare City,2015,17,0,62,0,25,2,30,0,0,0,0,0,0,1,137
Arunachal Pradesh,12,Papum Pare Rural,2015,1,0,2,0,2,0,1,0,0,0,0,0,0,0,6
Arunachal Pradesh,13,Siang East,2015,10,5,9,0,15,0,8,0,0,0,0,0,0,0,47
Arunachal Pradesh,14,Siang Upper,2015,1,0,1,0,3,0,2,0,0,0,0,0,0,0,7
Arunachal Pradesh,15,Siang West,2015,12,0,6,0,6,0,4,0,0,0,0,0,0,1,29
Arunachal Pradesh,16,Subansiri Lower,2015,6,0,0,0,2,0,3,0,0,0,0,0,0,0,11
Arunachal Pradesh,17,Subansiri Upper,2015,1,3,1,0,11,0,8,0,2,0,0,0,0,0,26
Arunachal Pradesh,18,Tawang,2015,0,0,0,0,1,0,1,0,0,0,0,0,0,0,2
Arunachal Pradesh,19,Tirap,2015,2,0,6,0,2,0,0,0,0,0,0,0,0,0,10
Arunachal Pradesh,20,Siang,2015,1,3,0,0,1,0,0,0,0,0,0,0,0,0,5
Arunachal Pradesh,21,Total District(s),2015,71,12,128,0,101,2,66,0,2,0,0,0,0,2,384
Assam,1,B. I. E. O.,2015,0,0,0,0,0,0,0,0,0,0,0,0,0,0,0
Assam,2,Barpeta,2015,124,176,373,22,461,20,1503,0,0,0,0,0,0,3,2682
Assam,3,Baksa,2015,46,12,128,4,96,4,78,0,0,5,0,0,0,1,374
Assam,4,Bongaigaon,2015,37,0,131,14,15,0,175,0,0,0,0,0,0,0,372
Assam,5,C. I. D.,2015,0,0,0,0,0,0,0,0,0,0,0,0,0,1,1
Assam,6,Cachar,2015,59,9,234,8,70,0,597,0,0,4,0,0,0,5,986
Assam,7,Chirang,2015,18,0,44,3,27,4,106,0,0,0,0,0,0,0,202
Assam,8,Darrang,2015,77,13,198,10,502,0,432,0,0,4,0,0,0,1,1237
Assam,9,Dhemaji,2015,34,13,44,6,94,3,139,0,0,0,0,0,0,4,337
Assam,10,Dhubri,2015,158,67,399,19,434,1,911,0,0,30,0,0,0,2,2021
Assam,11,Dibrugarh,2015,29,0,184,3,84,0,380,0,0,0,0,0,0,0,680
Assam,12,G. R. P.,2015,0,0,4,0,4,0,0,0,0,0,0,0,0,0,8
Assam,13,Goalpara,2015,84,18,62,3,238,0,691,0,0,0,0,0,0,0,1096
Assam,14,Golaghat,2015,56,11,167,5,120,0,292,0,0,0,0,0,0,1,652
Assam,15,Guwahati City,2015,80,9,651,12,239,59,677,0,0,0,0,0,0,12,1739
Assam,16,Hailakandi,2015,90,0,89,4,203,3,279,0,0,0,0,0,0,0,668
Assam,17,Hamren,2015,10,0,16,0,0,0,33,0,0,0,0,0,0,0,59
Assam,18,Jorhat,2015,53,10,176,5,161,13,292,0,0,0,0,0,0,1,711
Assam,19,Kamrup,2015,82,6,207,12,139,0,416,0,0,0,0,0,0,0,862
Assam,20,Karbi Anglong,2015,37,7,68,2,20,0,38,0,0,0,0,0,0,0,172
Assam,21,Karimganj,2015,65,0,136,13,246,0,242,0,0,0,0,0,0,0,702
Assam,22,Kokrajhar,2015,32,0,98,2,122,0,223,0,0,0,0,0,0,0,477
Assam,23,Lakhimpur,2015,69,23,182,10,74,0,377,0,0,0,0,0,0,0,735
Assam,24,Morigaon,2015,86,7,182,2,146,0,414,0,0,0,0,0,0,0,837
Assam,25,Dima Hasao,2015,5,1,16,0,5,0,3,0,0,0,0,0,0,2,32
Assam,26,Nagaon,2015,95,45,328,19,105,0,890,0,0,0,0,0,0,4,1486
Assam,27,Nalbari,2015,36,0,102,3,43,1,188,0,0,0,0,0,0,0,373
Assam,28,R. P. O.,2015,8,0,3,0,3,0,11,0,0,0,0,0,0,0,25
Assam,29,S. T. F.,2015,0,0,0,0,0,0,0,0,0,0,0,0,0,0,0
Assam,30,Sibsagar,2015,35,6,290,2,249,0,331,0,0,3,0,0,0,3,919
Assam,31,Sonitpur,2015,43,25,136,10,28,0,503,0,0,0,0,0,0,1,746
Assam,32,Tinsukia,2015,27,14,14,2,42,0,185,0,0,49,0,0,0,0,333
Assam,33,Udalguri,2015,22,0,63,4,30,0,76,0,0,0,0,0,0,0,195
Assam,34,Sadia,2015,10,0,6,0,4,0,14,0,0,0,0,0,0,0,34
Assam,35,Majuli,2015,5,0,6,0,14,0,19,0,0,0,0,0,0,0,44
Assam,36,Biswanath,2015,34,0,106,3,28,0,212,0,0,0,0,0,0,5,388
Assam,37,Hojai,2015,44,15,138,7,117,3,295,0,0,0,0,0,0,0,619
Assam,38,South Salmara,2015,43,12,58,7,130,0,203,0,0,0,0,0,0,1,454
Assam,39,Total District(s),2015,1733,499,5039,216,4293,111,11225,0,0,95,0,0,0,47,23258
Bihar,1,Araria,2015,50,4,81,23,0,0,60,0,0,12,0,0,0,0,230
Bihar,2,Arwal,2015,10,3,28,15,10,1,38,0,0,18,0,0,0,0,123
Bihar,3,Aurangabad,2015,21,6,46,45,1,0,95,0,0,57,0,0,0,0,271
Bihar,4,Bagaha,2015,12,5,68,13,5,0,40,0,0,22,0,0,0,0,165
Bihar,5,Banka,2015,11,23,76,16,0,0,63,0,0,45,0,0,0,0,234
Bihar,6,Begusarai,2015,24,34,134,30,0,0,71,0,0,41,0,0,0,3,337
Bihar,7,Bettiah,2015,37,44,155,17,0,0,52,0,0,115,0,0,0,1,421
Bihar,8,Bhabhua,2015,20,3,64,20,0,0,70,0,0,33,0,0,0,0,210
Bihar,9,Bhagalpur,2015,33,7,185,23,30,0,117,0,0,2,0,0,0,0,397
Bihar,10,Bhojpur,2015,12,18,89,43,6,0,0,0,0,125,0,0,0,0,293
Bihar,11,Buxar,2015,14,0,63,26,6,0,82,0,0,23,0,0,0,0,214
Bihar,12,Darbhanga,2015,35,19,217,26,0,8,201,0,0,0,0,0,0,1,507
Bihar,13,Gaya,2015,26,3,196,54,0,0,147,0,0,123,0,0,161,2,712
Bihar,14,Gopalganj,2015,13,11,135,34,0,0,168,0,0,0,0,0,0,0,361
Bihar,15,Jamalpur Railway,2015,0,1,0,0,3,0,0,0,0,0,0,0,0,0,4
Bihar,16,Jamui,2015,10,13,40,10,28,0,73,0,0,0,0,0,0,0,174
Bihar,17,Jehanabad,2015,15,8,54,23,1,0,34,0,0,31,0,0,0,0,166
Bihar,18,Katihar,2015,66,22,147,10,0,0,76,0,0,71,0,0,0,1,393
Bihar,19,Katihar Railway,2015,0,0,1,0,0,0,0,0,0,0,0,0,0,0,1
Bihar,20,Khagaria,2015,18,13,80,16,2,0,74,0,0,24,0,0,0,0,227
Bihar,21,Kishanganj,2015,59,3,89,11,8,0,73,0,0,14,0,0,0,3,260
Bihar,22,Lakhisarai,2015,10,19,38,7,0,0,18,0,0,61,0,0,0,0,153
Bihar,23,Madhepura,2015,20,3,79,12,0,0,42,0,0,0,0,0,0,0,156
Bihar,24,Madhubani,2015,47,0,202,31,1,0,217,0,0,0,0,0,0,0,498
Bihar,25,Motihari,2015,23,0,251,79,1,0,154,0,0,60,0,0,0,0,568
Bihar,26,Munger,2015,8,3,43,7,6,0,43,0,0,0,0,0,0,1,111
Bihar,27,Muzaffarpur,2015,37,52,208,53,5,0,244,0,0,190,0,0,0,0,789
Bihar,28,Muzaffarpur Railway,2015,4,0,6,0,4,0,1,0,0,0,0,0,0,0,15
Bihar,29,Nalanda,2015,29,0,193,54,2,0,195,0,0,71,0,0,0,0,544
Bihar,30,Naugachia,2015,5,1,32,7,19,4,13,0,0,28,0,0,0,0,109
Bihar,31,Nawadah,2015,27,1,106,29,0,0,37,0,0,63,0,0,0,0,263
Bihar,32,Patna,2015,82,29,644,104,11,83,474,0,0,231,0,0,0,5,1663
Bihar,33,Patna Railway,2015,1,0,5,1,20,0,0,0,0,0,0,0,0,0,27
Bihar,34,Purnea,2015,44,0,111,16,0,0,54,0,0,44,0,0,0,0,269
Bihar,35,Rohtas,2015,29,10,108,41,3,0,68,0,0,0,0,0,0,0,259
Bihar,36,Saharsa,2015,19,0,86,3,0,0,49,0,0,17,0,0,0,0,174
Bihar,37,Samastipur,2015,34,0,183,34,0,0,102,0,0,52,0,0,0,0,405
Bihar,38,Saran,2015,29,10,222,73,1,0,58,0,0,128,0,0,0,0,521
Bihar,39,Sheikhpura,2015,1,8,24,13,17,0,28,0,0,22,0,0,0,0,113
Bihar,40,Sheohar,2015,5,0,25,4,6,0,18,0,0,0,0,0,0,0,58
Bihar,41,Sitamarhi,2015,22,12,180,14,0,0,196,0,0,0,0,0,0,0,424
Bihar,42,Siwan,2015,21,0,136,41,0,0,38,0,0,110,0,0,0,0,346
Bihar,43,Supaul,2015,22,15,99,14,2,0,72,0,0,34,0,0,0,0,258
Bihar,44,Vaishali,2015,36,0,229,62,0,0,137,0,0,0,0,0,0,4,468
Bihar,45,Economic Offences Unit,2015,0,0,0,0,0,0,0,0,0,0,0,0,0,0,0
Bihar,46,Anti Terrorist Squad,2015,0,0,0,0,0,0,0,0,0,0,0,0,0,0,0
Bihar,47,Total District(s),2015,1041,403,5158,1154,198,96,3792,0,0,1867,0,0,161,21,13891
Chhattisgarh,1,Balod,2015,37,2,32,4,50,1,13,0,2,0,0,0,0,0,141
Chhattisgarh,2,Balodbazar,2015,60,0,83,4,90,1,16,0,12,0,0,0,0,0,266
Chhattisgarh,3,Balrampur,2015,98,0,14,3,65,1,24,0,0,0,0,0,0,0,205
Chhattisgarh,4,Bemetra,2015,24,0,29,3,44,2,12,0,3,0,0,0,0,0,117
Chhattisgarh,5,Bilaspur,2015,93,0,144,6,204,1,47,0,20,0,0,0,0,0,515
Chhattisgarh,6,Bizapur,2015,9,0,12,0,4,0,4,0,0,0,0,0,0,0,29
Chhattisgarh,7,Dantewara,2015,9,0,8,0,10,0,2,0,1,0,0,0,0,0,30
Chhattisgarh,8,Dhamtari,2015,35,0,13,0,39,2,6,0,3,0,0,0,0,0,98
Chhattisgarh,9,Durg,2015,112,7,125,1,226,8,84,0,19,0,0,0,0,3,585
Chhattisgarh,10,Gariyaband,2015,46,2,17,0,25,1,13,0,5,0,0,0,0,0,109
Chhattisgarh,11,G. R. P. Raipur,2015,0,0,2,1,8,1,0,0,0,0,0,0,0,0,12
Chhattisgarh,12,Jagdalpur,2015,58,0,50,2,28,0,10,0,6,0,0,0,0,0,154
Chhattisgarh,13,Janjgir,2015,54,3,79,20,112,6,42,0,11,0,0,0,0,0,327
Chhattisgarh,14,Jashpur,2015,98,0,57,0,44,0,3,0,0,2,0,0,0,0,204
Chhattisgarh,15,Kabirdham,2015,29,0,35,1,72,0,20,0,1,0,0,0,0,0,158
Chhattisgarh,16,Kanker,2015,56,0,31,2,36,3,24,0,0,0,0,0,0,0,152
Chhattisgarh,17,Kondagaon,2015,29,0,21,0,24,0,7,0,0,0,0,0,0,0,81
Chhattisgarh,18,Korba,2015,67,1,51,7,64,3,36,0,2,0,0,0,0,1,232
Chhattisgarh,19,Koriya,2015,68,0,41,1,75,2,34,0,11,0,0,0,0,0,232
Chhattisgarh,20,Mahasamund,2015,43,1,48,2,76,5,15,0,2,0,0,0,0,0,192
Chhattisgarh,21,Mungali,2015,19,0,38,1,42,1,15,0,6,0,0,0,0,0,122
Chhattisgarh,22,Narayanpur,2015,5,0,7,0,0,0,0,0,1,0,0,0,0,0,13
Chhattisgarh,23,Raigarh,2015,122,0,75,16,98,6,48,0,0,2,0,0,0,0,367
Chhattisgarh,24,Raipur,2015,198,3,205,8,205,7,70,0,21,5,0,0,2,0,724
Chhattisgarh,25,Rajnandgaon,2015,49,0,73,4,87,1,28,0,6,0,0,0,0,0,248
Chhattisgarh,26,Sarguja,2015,82,0,14,0,76,0,6,0,2,0,0,0,0,0,180
Chhattisgarh,27,Sukma,2015,5,0,5,0,6,0,1,0,0,0,0,0,0,0,17
Chhattisgarh,28,Surajpur,2015,55,0,45,3,58,1,40,0,7,1,0,0,0,0,210
Chhattisgarh,29,Total District(s),2015,1560,19,1354,89,1868,53,620,0,141,10,0,0,2,4,5720
Goa,1,North Goa,2015,49,0,43,0,86,9,4,0,3,0,0,0,0,3,197
Goa,2,South Goa,2015,34,0,27,0,57,24,12,0,0,0,0,0,0,0,154
Goa,3,C. I. D.,2015,3,0,0,0,7,1,3,0,0,0,0,0,0,0,14
Goa,4,Total District(s),2015,86,0,70,0,150,34,19,0,3,0,0,0,0,3,365
Gujarat,1,Ahmedabad City,2015,59,0,243,1,152,2,595,0,5,0,0,0,1,8,1066
Gujarat,2,Ahmedabad Rural,2015,10,0,6,2,21,0,73,0,3,0,0,0,1,1,117
Gujarat,3,Amreli,2015,8,0,48,0,17,2,131,0,15,0,0,0,0,0,221
Gujarat,4,Anand,2015,22,1,96,0,41,3,99,0,1,0,0,0,0,2,265
Gujarat,5,Arvalli,2015,13,0,15,0,18,0,50,0,16,0,0,0,0,0,112
Gujarat,6,Banaskantha,2015,37,0,89,1,54,1,188,0,0,0,0,0,0,0,370
Gujarat,7,Bharuch,2015,12,0,24,0,41,0,93,0,2,0,0,0,0,0,172
Gujarat,8,Bhavnagar,2015,8,0,27,1,34,4,104,0,15,0,0,0,0,1,194
Gujarat,9,Botad,2015,1,0,25,1,18,0,20,0,7,0,0,0,0,0,72
Gujarat,10,Chhotaudepur,2015,12,0,6,0,12,0,19,0,0,0,0,0,0,0,49
Gujarat,11,C. I. D. Crime,2015,0,0,0,0,0,0,0,0,0,0,0,0,0,0,0
Gujarat,12,Dahod,2015,23,0,53,0,38,0,137,0,0,0,0,0,0,0,251
Gujarat,13,Dang,2015,2,0,0,0,6,2,7,0,1,0,0,0,0,0,18
Gujarat,14,Devbhumi Dwarka,2015,5,0,11,0,3,1,42,0,12,0,0,0,0,0,74
Gujarat,15,Gandhinagar,2015,7,1,22,0,26,16,123,0,0,0,0,0,0,2,197
Gujarat,16,Gir Somnath,2015,6,0,14,0,27,2,122,0,2,0,0,0,0,1,174
Gujarat,17,Jamnagar,2015,11,0,36,1,20,1,169,0,13,0,0,0,0,2,253
Gujarat,18,Junagadh,2015,6,0,25,0,19,3,212,0,8,0,0,0,0,0,273
Gujarat,19,Kachchh East(G),2015,28,0,35,0,35,0,48,0,16,0,0,0,0,4,166
Gujarat,20,Kachchh West(B),2015,16,0,8,1,30,3,70,0,15,0,0,0,0,0,143
Gujarat,21,Kheda,2015,11,0,73,0,22,1,73,0,1,0,0,0,0,0,181
Gujarat,22,Mahisagar,2015,6,0,19,0,13,0,46,0,0,0,0,0,0,0,84
Gujarat,23,Mehsana,2015,17,0,81,0,39,0,180,0,2,2,0,0,0,1,322
Gujarat,24,Morbi,2015,8,0,21,0,8,1,58,0,8,0,0,0,0,0,104
Gujarat,25,Narmada,2015,1,0,5,0,9,0,13,0,0,0,0,0,0,0,28
Gujarat,26,Navsari,2015,4,0,25,0,13,0,42,0,1,0,0,0,0,1,86
Gujarat,27,Panchmahal,2015,7,0,16,0,28,0,66,0,0,34,0,0,0,1,152
Gujarat,28,Patan,2015,16,1,16,0,42,0,72,0,8,0,0,0,0,1,156
Gujarat,29,Porbandar,2015,3,0,11,0,12,0,72,0,3,0,0,0,0,0,101
Gujarat,30,Rajkot City,2015,19,0,74,0,35,2,204,0,19,0,0,0,0,3,356
Gujarat,31,Rajkot Rural,2015,10,0,60,0,32,0,163,0,7,0,0,0,0,0,272
Gujarat,32,Sabarkantha,2015,3,0,19,0,33,3,176,0,10,0,0,0,0,0,244
Gujarat,33,Surat City,2015,43,0,143,1,50,1,260,0,2,0,0,0,0,2,502
Gujarat,34,Surat Rural,2015,8,0,43,1,13,0,41,0,0,0,0,0,0,0,106
Gujarat,35,Surendranagar,2015,21,0,36,2,26,1,57,0,21,0,0,0,0,0,164
Gujarat,36,Tapi,2015,10,0,9,0,13,24,8,0,0,0,0,0,0,0,64
Gujarat,37,Vadodara City,2015,15,0,45,0,104,0,232,0,0,0,0,0,0,3,399
Gujarat,38,Vadodara Rural,2015,3,0,17,0,15,0,36,0,13,0,0,0,0,0,84
Gujarat,39,Valsad,2015,11,0,69,0,37,0,31,0,6,0,0,0,0,2,156
Gujarat,40,W.Rly Ahmedabad,2015,0,0,0,0,0,0,0,0,0,0,0,0,0,0,0
Gujarat,41,W.Rly Vadodara,2015,1,0,4,0,8,0,1,0,0,0,0,0,0,0,14
Gujarat,42,Total District(s),2015,503,3,1569,12,1164,73,4133,0,232,36,0,0,2,35,7762
Haryana,1,Ambala (Rural),2015,3,0,26,7,18,0,36,0,0,0,0,0,0,1,91
Haryana,2,Ambala (Urban),2015,22,3,51,3,24,0,49,0,1,1,0,0,0,0,154
Haryana,3,Bhiwani,2015,44,7,36,18,94,0,147,0,11,1,0,0,0,3,361
Haryana,4,Faridabad,2015,128,9,313,24,123,0,371,0,0,2,0,0,0,3,973
Haryana,5,Fatehabad,2015,21,1,31,3,63,2,155,0,5,0,0,0,1,0,282
Haryana,6,G. R. P.,2015,1,0,0,4,18,0,0,0,4,0,0,0,0,0,27
Haryana,7,Gurgaon,2015,130,12,295,12,183,37,268,0,15,1,0,0,0,6,959
Haryana,8,Hissar,2015,55,0,52,13,118,4,360,0,8,1,0,0,0,0,611
Haryana,9,Jhajjar,2015,60,3,27,5,70,5,153,0,3,1,0,0,0,3,330
Haryana,10,Jind,2015,31,1,52,13,73,1,116,0,6,0,0,0,0,2,295
Haryana,11,Kaithal,2015,29,4,97,11,61,0,102,0,3,0,0,0,0,2,309
Haryana,12,Karnal,2015,54,9,248,15,94,1,235,0,20,1,0,0,0,11,688
Haryana,13,Kurukshetra,2015,26,4,53,9,88,1,145,0,0,0,0,0,0,0,326
Haryana,14,Mahendergarh,2015,32,4,50,10,100,4,71,0,5,2,0,0,2,2,282
Haryana,15,Mewat,2015,59,3,55,8,58,3,98,0,5,1,0,0,8,0,298
Haryana,16,Palwal,2015,36,5,52,22,87,1,158,0,2,0,0,0,0,0,363
Haryana,17,Panchkula,2015,24,0,116,2,34,4,62,0,4,0,0,0,0,2,248
Haryana,18,Panipat,2015,47,10,86,9,95,2,195,0,2,0,0,0,0,0,446
Haryana,19,Rewari,2015,56,9,49,9,71,17,119,0,2,0,0,0,0,0,332
Haryana,20,Rohtak,2015,54,6,277,14,190,2,193,0,12,1,0,0,0,2,751
Haryana,21,Sirsa,2015,52,2,48,5,58,3,168,0,0,0,0,0,0,6,342
Haryana,22,Sonipat,2015,62,6,57,20,94,3,168,0,14,2,0,0,0,1,427
Haryana,23,Yamunanagar,2015,44,7,265,7,72,0,156,0,0,0,0,0,0,0,551
Haryana,24,Irrigation & Power,2015,0,0,0,0,0,0,0,0,0,0,0,0,0,0,0
Haryana,25,Total District(s),2015,1070,105,2336,243,1886,90,3525,0,122,14,0,0,11,44,9446
Himachal Pradesh,1,Baddi,2015,7,0,12,0,19,1,15,0,2,0,0,0,0,0,56
Himachal Pradesh,2,Bilaspur,2015,15,0,23,0,45,13,12,0,5,0,0,0,0,0,113
Himachal Pradesh,3,Chamba,2015,26,0,20,1,28,0,10,0,3,0,0,0,0,0,88
Himachal Pradesh,4,C. I. D.,2015,0,0,0,0,0,0,0,0,0,0,0,0,0,0,0
Himachal Pradesh,5,G. R. P.,2015,0,0,0,0,0,0,0,0,0,0,0,0,0,0,0
Himachal Pradesh,6,Hamirpur,2015,6,0,10,0,34,9,11,0,8,0,0,0,0,0,78
Himachal Pradesh,7,Kangra,2015,46,1,35,0,60,11,39,0,22,0,0,0,15,1,230
Himachal Pradesh,8,Kinnaur,2015,8,0,5,0,4,0,3,0,0,0,0,0,0,0,20
Himachal Pradesh,9,Kullu,2015,23,0,11,0,19,4,14,0,0,0,0,0,0,0,71
Himachal Pradesh,10,Lahaul & Spiti,2015,3,0,0,0,0,1,0,0,0,0,0,0,0,0,4
Himachal Pradesh,11,Mandi,2015,29,0,38,0,84,5,25,0,8,0,0,0,0,0,189
Himachal Pradesh,12,Shimla,2015,24,0,36,0,46,7,26,0,3,0,0,0,0,2,144
Himachal Pradesh,13,Sirmaur,2015,31,0,20,0,52,2,17,0,4,0,0,0,0,1,127
Himachal Pradesh,14,Solan,2015,8,0,12,0,18,2,10,0,1,0,0,0,0,1,52
Himachal Pradesh,15,Una,2015,18,0,17,1,25,3,44,0,8,0,0,0,0,1,117
Himachal Pradesh,16,Total District(s),2015,244,1,239,2,434,58,226,0,64,0,0,0,15,6,1289
Jammu & Kashmir,1,Anantnag,2015,20,0,77,0,135,0,25,0,1,0,0,0,0,0,258
Jammu & Kashmir,2,Awantipora,2015,6,0,23,0,28,0,4,0,0,0,0,0,0,0,61
Jammu & Kashmir,3,Bandipora,2015,4,0,33,0,27,13,3,0,5,0,0,0,0,0,85
Jammu & Kashmir,4,Baramulla,2015,6,3,72,0,85,20,12,0,0,0,0,0,0,0,198
Jammu & Kashmir,5,Budgam,2015,13,0,62,1,45,5,8,0,1,0,0,0,0,0,135
Jammu & Kashmir,6,Crime Jammu,2015,0,0,0,0,0,0,1,0,0,0,0,0,0,0,1
Jammu & Kashmir,7,Crime Srinagar,2015,0,0,0,0,0,0,0,0,0,0,0,0,0,0,0
Jammu & Kashmir,8,Doda,2015,9,0,27,0,26,5,3,0,0,0,0,0,0,0,70
Jammu & Kashmir,9,Ganderbal,2015,0,1,31,0,61,0,6,0,0,0,0,0,0,0,99
Jammu & Kashmir,10,Handwara,2015,2,0,35,0,56,5,3,0,3,0,0,0,0,0,104
Jammu & Kashmir,11,Jammu,2015,51,0,202,3,111,33,92,0,0,0,0,0,0,0,492
Jammu & Kashmir,12,Kargil,2015,1,0,1,0,1,1,1,0,0,0,0,0,0,0,5
Jammu & Kashmir,13,Kathua,2015,20,4,51,0,53,4,17,0,3,0,0,0,0,0,152
Jammu & Kashmir,14,Kishtwar,2015,12,0,10,0,10,0,6,0,1,0,0,0,0,0,39
Jammu & Kashmir,15,Kulgam,2015,9,0,34,0,120,6,6,0,0,0,0,0,0,0,175
Jammu & Kashmir,16,Kupwara,2015,14,0,48,0,49,7,10,0,19,0,0,0,0,0,147
Jammu & Kashmir,17,Leh,2015,4,0,2,0,1,0,0,0,0,0,0,0,0,0,7
Jammu & Kashmir,18,Poonch,2015,14,0,25,0,31,0,11,0,6,0,0,0,0,0,87
Jammu & Kashmir,19,Pulwama,2015,5,0,33,0,28,10,1,0,0,0,0,0,0,0,77
Jammu & Kashmir,20,Railways Jammu,2015,0,0,0,0,1,0,0,0,0,0,0,0,0,0,1
Jammu & Kashmir,21,Railways Kashmir,2015,0,0,0,0,0,0,0,0,0,0,0,0,0,0,0
Jammu & Kashmir,22,Railways Katra,2015,0,0,0,0,0,0,0,0,0,0,0,0,0,0,0
Jammu & Kashmir,23,Rajouri,2015,34,1,61,0,63,7,42,0,0,0,0,0,0,0,208
Jammu & Kashmir,24,Ramban,2015,11,0,18,0,24,6,15,0,0,0,0,0,0,0,74
Jammu & Kashmir,25,Reasi,2015,15,3,26,0,20,4,8,0,0,0,0,0,0,0,76
Jammu & Kashmir,26,Samba,2015,4,0,13,2,10,4,9,0,0,0,0,0,0,0,42
Jammu & Kashmir,27,Shopian,2015,8,0,26,0,45,0,4,0,0,0,0,0,0,0,83
Jammu & Kashmir,28,Sopore,2015,9,0,39,0,67,0,6,0,6,0,0,0,0,0,127
Jammu & Kashmir,29,Srinagar,2015,12,6,103,0,223,37,91,0,0,1,0,0,0,0,473
Jammu & Kashmir,30,Udhampur,2015,13,3,19,0,23,8,16,0,5,0,0,0,0,0,87
Jammu & Kashmir,31,Total District(s),2015,296,21,1071,6,1343,175,400,0,50,1,0,0,0,0,3363
Jharkhand,1,Bokaro,2015,97,0,123,14,0,0,260,0,0,0,0,0,0,0,494
Jharkhand,2,Chaibasa,2015,59,4,49,5,20,0,17,0,0,19,0,0,0,0,173
Jharkhand,3,Chatra,2015,24,0,35,16,19,0,34,0,0,59,0,0,0,0,187
Jharkhand,4,Deoghar,2015,44,0,78,25,40,5,195,0,0,172,0,0,0,0,559
Jharkhand,5,Dhanbad,2015,40,24,80,9,128,0,45,0,0,62,0,0,0,2,390
Jharkhand,6,Dhanbad Railway,2015,1,0,4,0,11,0,0,0,0,0,0,0,0,0,16
Jharkhand,7,Dumka,2015,46,3,34,13,26,4,48,0,0,28,0,0,0,0,202
Jharkhand,8,Garhwa,2015,48,4,29,17,38,0,53,0,0,81,0,0,0,0,270
Jharkhand,9,Giridih,2015,45,31,57,35,238,0,116,0,0,152,0,0,0,0,674
Jharkhand,10,Godda,2015,30,0,17,6,0,0,82,0,0,77,0,0,0,0,212
Jharkhand,11,Gumla,2015,56,2,29,2,16,0,21,0,0,34,0,0,0,0,160
Jharkhand,12,Hazaribagh,2015,57,36,53,22,62,0,53,0,0,138,0,0,0,0,421
Jharkhand,13,Jamshedpur,2015,68,29,79,14,53,0,129,0,3,193,0,0,0,0,568
Jharkhand,14,Jamshedpur Railway,2015,0,0,2,0,0,1,0,0,0,0,0,0,0,0,3
Jharkhand,15,Jamtara,2015,17,14,12,15,25,0,72,0,0,49,0,0,0,0,204
Jharkhand,16,Khunti,2015,21,0,3,0,10,0,2,0,0,6,0,0,0,0,42
Jharkhand,17,Koderma,2015,17,0,17,5,3,0,67,0,0,37,0,0,0,0,146
Jharkhand,18,Latehar,2015,28,2,16,4,32,0,20,0,0,41,0,0,0,0,143
Jharkhand,19,Lohardagga,2015,37,3,18,3,15,0,13,0,0,31,0,0,0,0,120
Jharkhand,20,Pakur,2015,54,7,22,4,16,0,111,0,0,51,0,0,0,0,265
Jharkhand,21,Palamu,2015,45,6,39,21,19,0,31,0,0,92,0,0,0,0,253
Jharkhand,22,Ramgarh,2015,20,15,16,11,39,0,21,0,0,109,0,0,0,1,232
Jharkhand,23,Ranchi,2015,89,0,65,8,0,0,58,0,0,53,0,0,0,0,273
Jharkhand,24,Sahebganj,2015,60,19,11,9,12,0,155,0,0,0,0,0,0,0,266
Jharkhand,25,Saraikela,2015,23,0,35,7,19,0,41,0,0,59,0,0,0,0,184
Jharkhand,26,Simdega,2015,27,3,7,2,3,0,10,0,0,9,0,0,0,0,61
Jharkhand,27,Total District(s),2015,1053,202,930,267,844,10,1654,0,3,1552,0,0,0,3,6518
Karnataka,1,Bagalkot,2015,12,1,12,2,153,0,43,0,0,30,0,0,0,1,254
Karnataka,2,Bengaluru City,2015,112,2,624,54,718,56,483,0,80,714,0,0,0,236,3079
Karnataka,3,Bengaluru District,2015,27,0,95,16,160,4,79,0,0,36,0,0,0,9,426
Karnataka,4,Belagavi District,2015,14,0,47,2,173,6,149,0,14,14,0,0,0,6,425
Karnataka,5,Ballari,2015,15,0,32,13,106,1,57,0,1,69,0,0,0,12,306
Karnataka,6,Bidar,2015,9,0,15,10,88,14,126,0,11,30,0,0,0,2,305
Karnataka,7,Vijayapura,2015,22,1,32,10,140,0,134,0,13,3,0,0,0,5,360
Karnataka,8,Chikkaballapura,2015,13,0,5,12,74,1,19,0,9,30,0,0,0,1,164
Karnataka,9,Chamarajnagar,2015,7,0,3,9,110,2,10,0,1,6,0,0,0,1,149
Karnataka,10,Chikkamagaluru,2015,12,0,44,4,144,1,76,0,17,29,0,0,0,0,327
Karnataka,11,Chitradurga,2015,6,0,66,3,250,0,55,0,9,41,0,0,0,5,435
Karnataka,12,Dakshina Kannada,2015,19,2,7,1,101,5,32,0,3,11,0,0,0,0,181
Karnataka,13,Davanagere,2015,14,2,45,4,182,2,77,0,6,49,0,0,1,3,385
Karnataka,14,Dharwad,2015,4,0,21,2,34,0,34,0,0,0,0,0,0,0,95
Karnataka,15,Gadag,2015,7,0,2,0,49,0,21,0,0,4,0,0,0,2,85
Karnataka,16,Kalaburgi,2015,16,1,35,10,139,11,109,0,8,39,0,0,0,6,374
Karnataka,17,Hassan,2015,24,0,54,14,194,2,63,0,0,14,0,0,0,7,372
Karnataka,18,Haveri,2015,15,0,17,2,47,0,30,0,8,14,0,0,0,2,135
Karnataka,19,Hubballi Dharwad City,2015,7,0,21,3,32,2,60,0,3,0,0,0,0,7,135
Karnataka,20,K.G.F.,2015,0,0,7,4,13,1,4,0,1,12,0,0,0,0,42
Karnataka,21,Kodagu,2015,36,0,7,1,48,1,33,0,0,3,0,0,0,1,130
Karnataka,22,Kolar,2015,2,0,18,3,40,0,14,0,0,15,0,0,0,0,92
Karnataka,23,Koppal,2015,12,0,25,3,52,0,39,0,0,0,0,0,0,2,133
Karnataka,24,Mandya,2015,13,1,56,9,432,10,148,0,11,31,1,0,0,9,721
Karnataka,25,Mangaluru City,2015,14,0,5,0,80,7,31,0,0,36,0,0,0,7,180
Karnataka,26,Mysuru City,2015,32,1,44,8,74,1,44,0,2,75,0,0,0,52,333
Karnataka,27,Mysuru District,2015,9,0,40,5,160,1,79,0,0,14,1,0,0,2,311
Karnataka,28,Raichur,2015,17,2,11,8,223,2,150,0,6,60,0,0,0,1,480
Karnataka,29,K.Railways,2015,1,0,0,0,10,0,0,0,0,0,0,0,0,0,11
Karnataka,30,Ramanagara,2015,20,0,68,11,152,2,64,0,12,35,0,0,0,1,365
Karnataka,31,Shimoga,2015,27,0,55,10,368,2,187,0,20,0,0,0,0,12,681
Karnataka,32,Tumakuru,2015,15,0,35,16,84,9,64,0,7,35,0,0,0,18,283
Karnataka,33,Udupi,2015,20,0,15,0,110,3,35,0,9,34,0,0,0,4,230
Karnataka,34,Uttara Kannada,2015,6,2,26,0,161,4,53,0,7,18,0,0,0,3,280
Karnataka,35,Yadgiri,2015,7,1,9,2,138,0,59,0,8,15,0,0,0,1,240
Karnataka,36,Belagavi City,2015,3,0,13,3,73,4,71,0,7,25,0,0,0,2,201
Karnataka,37,Total District(s),2015,589,16,1611,254,5112,154,2732,0,273,1541,2,0,1,420,12705
Kerala,1,Alapuzha,2015,48,1,10,0,201,13,154,0,5,1,0,0,10,2,445
Kerala,2,Ernakulam Commr.,2015,51,0,8,0,140,19,123,0,0,0,0,0,4,59,404
Kerala,3,Ernakulam Rural,2015,79,0,8,1,177,22,145,0,0,0,0,0,12,10,454
Kerala,4,Idukki,2015,85,0,12,0,181,13,108,0,0,0,0,0,6,0,405
Kerala,5,Kannur,2015,56,4,13,1,219,11,235,0,0,0,2,0,1,4,546
Kerala,6,Kasargod,2015,57,0,8,0,147,8,130,0,1,0,0,0,3,0,354
Kerala,7,Kollam Commr.,2015,56,0,6,0,172,7,221,0,0,0,0,0,22,4,488
Kerala,8,Kollam Rural,2015,52,0,7,0,218,19,195,0,5,0,0,0,6,0,502
Kerala,9,Kottayam,2015,48,0,9,0,153,23,135,0,0,0,0,0,6,2,376
Kerala,10,Kozhikode Commr.,2015,32,0,8,1,126,12,182,0,0,0,0,0,0,0,361
Kerala,11,Kozhikode Rural,2015,45,9,13,0,238,5,253,0,1,0,0,0,4,1,569
Kerala,12,Malappuram,2015,129,2,3,0,321,30,494,0,0,0,0,0,8,2,989
Kerala,13,Palakkad,2015,72,0,17,1,144,21,363,0,3,0,0,0,2,1,624
Kerala,14,Pathanamthitta,2015,62,0,7,0,178,8,75,0,0,0,0,0,1,0,331
Kerala,15,Railways,2015,1,0,0,0,43,5,0,0,0,0,0,0,0,0,49
Kerala,16,Thrissur Commr.,2015,45,1,6,0,102,11,90,0,1,1,0,0,0,7,264
Kerala,17,Thrissur Rural,2015,65,0,14,2,267,17,305,0,2,0,2,0,10,4,688
Kerala,18,Trivandrum Commr.,2015,38,1,15,0,207,7,97,0,0,0,0,0,29,31,425
Kerala,19,Trivandrum Rural,2015,129,9,20,1,603,10,253,0,2,2,0,0,8,3,1040
Kerala,20,Wayanadu,2015,104,3,7,0,144,6,109,0,2,0,0,0,0,5,380
Kerala,21,Crime Branch,2015,2,0,1,1,6,0,1,0,3,0,0,0,0,0,14
Kerala,22,Total District(s),2015,1256,30,192,8,3987,267,3668,0,25,4,4,0,132,135,9708
Madhya Pradesh,1,Agar,2015,32,1,15,1,87,8,41,0,1,0,0,0,0,0,186
Madhya Pradesh,2,Alirajpur,2015,36,0,14,2,23,1,11,0,16,0,0,0,0,0,103
Madhya Pradesh,3,Anuppur,2015,65,2,57,6,71,0,57,0,9,1,0,0,0,0,268
Madhya Pradesh,4,Ashok Nagar,2015,68,3,33,15,171,1,90,0,0,0,0,0,0,0,381
Madhya Pradesh,5,Balaghat,2015,146,0,92,8,151,6,77,0,9,6,0,0,0,0,495
Madhya Pradesh,6,Barwani,2015,102,0,23,4,94,2,19,0,11,0,0,0,0,0,255
Madhya Pradesh,7,Betul,2015,65,2,90,8,142,12,115,0,0,2,0,0,0,0,436
Madhya Pradesh,8,Bhind,2015,60,0,68,27,134,0,123,0,19,2,0,0,0,0,433
Madhya Pradesh,9,Bhopal,2015,161,3,263,16,392,20,337,0,0,0,0,0,0,0,1192
Madhya Pradesh,10,Bhopal Railway,2015,5,0,7,0,34,1,1,0,0,0,0,0,0,0,48
Madhya Pradesh,11,Burhanpur,2015,53,0,4,1,89,4,18,0,0,0,0,0,0,0,169
Madhya Pradesh,12,Chhatarpur,2015,52,1,115,24,183,0,112,0,0,0,0,0,0,0,487
Madhya Pradesh,13,Chhindwara,2015,173,0,147,10,227,0,110,0,24,4,0,0,0,0,695
Madhya Pradesh,14,Damoh,2015,45,0,85,18,123,0,78,0,22,0,0,0,0,0,371
Madhya Pradesh,15,Datia,2015,31,0,18,16,81,0,46,0,0,0,0,0,0,0,192
Madhya Pradesh,16,Dewas,2015,123,3,65,9,189,18,166,0,13,0,0,0,89,0,675
Madhya Pradesh,17,Dhar,2015,116,2,175,4,167,10,47,0,22,0,0,0,0,0,543
Madhya Pradesh,18,Dindori,2015,45,0,42,1,105,2,62,0,4,0,0,0,0,0,261
Madhya Pradesh,19,Guna,2015,110,0,33,5,184,13,76,0,0,0,0,0,0,0,421
Madhya Pradesh,20,Gwalior,2015,158,5,105,29,255,9,380,0,20,11,0,0,0,0,972
Madhya Pradesh,21,Harda,2015,48,0,74,4,74,1,9,0,0,0,0,0,0,0,210
Madhya Pradesh,22,Hoshangabad,2015,101,0,54,5,104,6,94,0,17,0,0,0,0,2,383
Madhya Pradesh,23,Indore,2015,99,4,332,27,311,111,268,0,30,2,0,0,0,9,1193
Madhya Pradesh,24,Indore Railway,2015,0,0,1,1,8,0,0,0,0,0,0,0,0,0,10
Madhya Pradesh,25,Jabalpur,2015,126,5,254,31,286,27,210,0,34,17,0,0,0,0,990
Madhya Pradesh,26,Jabalpur Railway,2015,6,0,4,1,20,0,0,0,0,0,0,0,0,0,31
Madhya Pradesh,27,Jhabua,2015,31,0,112,0,62,5,10,0,0,0,0,0,0,0,220
Madhya Pradesh,28,Katni,2015,99,0,91,16,175,2,47,0,12,1,0,0,0,1,444
Madhya Pradesh,29,Khandwa,2015,108,0,68,8,182,9,67,0,3,0,0,0,0,0,445
Madhya Pradesh,30,Khargone,2015,145,0,143,32,249,0,50,0,0,0,0,0,0,0,619
Madhya Pradesh,31,Mandla,2015,41,0,104,6,80,0,48,0,8,0,0,0,0,0,287
Madhya Pradesh,32,Mandsaur,2015,79,0,61,6,134,4,87,0,8,0,0,0,0,0,379
Madhya Pradesh,33,Morena,2015,85,2,57,37,147,5,186,0,26,0,0,0,0,0,545
Madhya Pradesh,34,Narsinghpur,2015,57,0,65,27,134,2,109,0,14,1,0,0,0,0,409
Madhya Pradesh,35,Neemuch,2015,51,0,19,8,95,0,14,0,11,0,0,0,0,9,207
Madhya Pradesh,36,Panna,2015,61,0,54,12,72,0,40,0,12,1,0,0,0,0,252
Madhya Pradesh,37,Raisen,2015,119,2,50,13,195,8,0,0,12,1,0,0,0,0,400
Madhya Pradesh,38,Rajgarh,2015,107,3,59,7,178,3,209,0,9,0,0,0,0,0,575
Madhya Pradesh,39,Ratlam,2015,79,0,128,7,176,12,105,0,23,0,1,0,0,2,533
Madhya Pradesh,40,Rewa,2015,135,0,180,26,157,0,126,0,16,1,0,0,0,1,642
Madhya Pradesh,41,Sagar,2015,173,3,145,35,418,8,173,0,21,1,0,0,0,0,977
Madhya Pradesh,42,Satna,2015,59,6,161,34,162,13,110,0,15,0,0,0,0,0,560
Madhya Pradesh,43,Seoni,2015,77,0,112,10,136,20,217,0,10,6,0,0,0,0,588
Madhya Pradesh,44,Shahdol,2015,112,0,86,14,198,2,211,0,12,0,0,0,1,0,636
Madhya Pradesh,45,Shajapur,2015,23,2,28,11,74,1,88,0,13,0,0,0,1,0,241
Madhya Pradesh,46,Sheopur,2015,22,0,22,2,14,2,27,0,0,0,0,0,0,0,89
Madhya Pradesh,47,Shivpuri,2015,108,3,68,14,208,3,86,0,14,2,0,0,0,0,506
Madhya Pradesh,48,Sidhi,2015,17,1,70,10,67,1,43,0,11,0,0,0,0,0,220
Madhya Pradesh,49,Sehore,2015,125,1,62,6,146,6,169,0,10,1,0,0,0,0,526
Madhya Pradesh,50,Singrauli,2015,69,0,67,19,81,1,92,0,15,0,0,0,0,0,344
Madhya Pradesh,51,Tikamgarh,2015,70,1,89,10,165,4,42,0,5,0,0,0,0,0,386
Madhya Pradesh,52,Ujjain,2015,143,1,159,6,291,20,224,0,24,2,0,0,0,1,871
Madhya Pradesh,53,Umaria,2015,44,1,30,0,48,1,43,0,0,0,0,0,0,0,167
Madhya Pradesh,54,Vidisha,2015,126,0,87,15,300,6,111,0,22,0,0,0,0,0,667
Madhya Pradesh,55,Cyber Cell,2015,0,0,0,0,0,0,0,0,0,0,0,0,0,0,0
Madhya Pradesh,56,Total District(s),2015,4391,57,4547,664,8049,390,5281,0,577,62,1,0,91,25,24135
Maharashtra,1,Ahmednagar,2015,106,1,148,14,376,7,243,0,54,0,0,0,0,4,953
Maharashtra,2,Akola,2015,44,0,47,4,222,6,144,0,19,3,0,0,0,0,489
Maharashtra,3,Amravati Commr.,2015,39,0,65,1,228,7,152,0,8,1,0,0,0,0,501
Maharashtra,4,Amravati Rural,2015,122,0,113,3,418,9,244,0,39,0,0,0,0,0,948
Maharashtra,5,Aurangabad Commr.,2015,65,0,90,3,383,4,314,0,20,0,0,0,0,3,882
Maharashtra,6,Aurangabad Rural,2015,45,0,43,18,242,5,185,0,0,0,0,0,0,1,539
Maharashtra,7,Beed,2015,78,0,60,5,263,3,362,0,49,0,0,0,0,3,823
Maharashtra,8,Bhandara,2015,25,0,52,0,92,8,41,0,4,0,0,0,0,3,225
Maharashtra,9,Buldhana,2015,63,0,21,14,266,24,140,0,37,2,0,0,0,0,567
Maharashtra,10,Chandrapur,2015,126,1,99,10,269,11,201,0,25,7,0,0,0,2,751
Maharashtra,11,Dhule,2015,35,0,24,6,69,7,200,0,7,0,0,0,0,0,348
Maharashtra,12,Gadchiroli,2015,41,1,18,1,40,6,13,0,5,0,0,0,0,0,125
Maharashtra,13,Gondia,2015,56,0,55,0,118,4,38,0,5,10,0,0,0,0,286
Maharashtra,14,Hingoli,2015,22,0,25,1,91,3,65,0,7,0,0,0,0,0,214
Maharashtra,15,Jalgaon,2015,66,1,88,1,288,21,276,0,0,1,0,0,0,1,743
Maharashtra,16,Jalna,2015,47,0,69,11,191,12,263,0,12,0,0,0,0,2,607
Maharashtra,17,Kolhapur,2015,93,0,158,7,219,2,128,0,10,0,0,0,0,16,633
Maharashtra,18,Latur,2015,54,0,68,8,155,1,205,0,15,0,0,0,0,6,512
Maharashtra,19,Mumbai Commr.,2015,712,0,904,9,2008,412,658,0,20,0,0,0,5,75,4803
Maharashtra,20,Mumbai Railway,2015,5,0,16,0,89,7,0,0,0,0,0,0,0,0,117
Maharashtra,21,Nagpur Commr.,2015,166,1,229,9,392,24,309,0,31,6,0,0,0,135,1302
Maharashtra,22,Nagpur Railway,2015,6,0,5,0,20,1,0,0,0,0,0,0,0,0,32
Maharashtra,23,Nagpur Rural,2015,84,0,62,1,167,16,61,0,21,8,0,0,0,0,420
Maharashtra,24,Nanded,2015,70,0,61,12,165,4,213,0,27,0,0,0,0,2,554
Maharashtra,25,Nandurbar,2015,25,0,22,0,41,4,38,0,11,0,0,0,0,1,142
Maharashtra,26,Nasik Commr.,2015,30,0,107,1,106,7,203,0,16,0,0,0,0,4,474
Maharashtra,27,Nasik Rural,2015,103,0,119,14,252,2,440,0,10,0,0,0,0,2,942
Maharashtra,28,Navi Mumbai,2015,104,0,163,9,202,25,89,0,16,0,0,0,0,11,619
Maharashtra,29,Osmanabad,2015,54,0,46,6,106,1,109,0,6,0,0,0,1,0,329
Maharashtra,30,Palghar,2015,135,0,249,2,226,13,51,0,11,0,0,0,1,3,691
Maharashtra,31,Parbhani,2015,44,0,40,11,153,1,205,0,18,1,0,0,0,0,473
Maharashtra,32,Pune Commr.,2015,266,0,466,17,705,66,379,0,15,0,0,0,0,55,1969
Maharashtra,33,Pune Railway,2015,4,0,5,0,13,0,0,0,2,0,0,0,0,0,24
Maharashtra,34,Pune Rural,2015,181,0,170,5,508,28,211,0,11,0,0,0,0,4,1118
Maharashtra,35,Raigad,2015,88,3,50,1,108,12,50,0,4,0,0,0,0,0,316
Maharashtra,36,Ratnagiri,2015,48,0,28,1,60,16,18,0,0,0,0,0,0,0,171
Maharashtra,37,Sangli,2015,67,0,95,16,171,4,103,0,36,0,0,0,0,1,493
Maharashtra,38,Satara,2015,114,1,150,2,274,18,155,0,38,0,0,0,0,2,754
Maharashtra,39,Sindhudurg,2015,28,0,13,0,38,2,10,0,0,0,0,0,0,0,91
Maharashtra,40,Solapur Commr.,2015,49,0,59,1,81,4,61,0,8,0,0,0,0,1,264
Maharashtra,41,Solapur Rural,2015,109,2,85,8,251,2,113,0,40,0,0,0,0,0,610
Maharashtra,42,Thane Commr.,2015,251,0,398,7,564,41,357,0,0,0,0,0,0,28,1646
Maharashtra,43,Thane Rural,2015,86,0,106,2,176,121,137,0,2,0,0,0,0,13,643
Maharashtra,44,Wardha,2015,60,0,56,0,243,4,67,0,12,1,0,0,0,0,443
Maharashtra,45,Washim,2015,30,0,34,12,206,4,127,0,12,0,0,0,0,0,425
Maharashtra,46,Yavatmal,2015,98,2,115,15,458,140,262,0,19,2,0,0,1,3,1115
Maharashtra,47,Total District(s),2015,4144,13,5096,268,11713,1119,7640,0,702,42,0,0,8,381,31126
Manipur,1,Bishnupur,2015,10,0,12,0,9,0,10,0,0,0,0,0,0,0,41
Manipur,2,Chandel,2015,0,0,1,0,0,0,1,0,0,0,0,0,0,0,2
Manipur,3,Churachandpur,2015,2,0,0,0,0,0,0,0,0,0,0,0,0,0,2
Manipur,4,C. I. D.,2015,0,0,0,0,0,0,0,0,0,0,0,0,0,0,0
Manipur,5,Imphal East,2015,11,1,17,0,23,2,5,0,0,0,0,0,0,0,59
Manipur,6,Imphal West,2015,13,0,34,0,43,0,13,0,0,0,0,0,0,0,103
Manipur,7,Senapati,2015,0,0,2,0,0,0,0,0,0,0,0,0,0,0,2
Manipur,8,Tamenglong,2015,0,0,0,0,0,0,0,0,0,0,0,0,0,0,0
Manipur,9,Thoubal,2015,9,0,28,0,9,0,10,0,0,0,0,0,0,0,56
Manipur,10,Ukhrul,2015,1,0,0,0,0,0,0,0,0,0,0,0,0,0,1
Manipur,11,Total District(s),2015,46,1,94,0,84,2,39,0,0,0,0,0,0,0,266
Meghalaya,1,Garo Hills East,2015,2,0,0,0,5,0,1,0,0,0,0,0,0,0,8
Meghalaya,2,Garo Hills North,2015,5,0,10,0,5,0,1,0,0,0,0,0,0,0,21
Meghalaya,3,Garo Hills South,2015,2,0,3,0,2,0,0,0,0,0,0,0,0,0,7
Meghalaya,4,Garo Hills South West,2015,5,0,0,0,8,1,6,0,0,0,0,0,0,0,20
Meghalaya,5,Garo Hills West,2015,10,8,20,0,10,1,9,0,0,0,0,0,0,0,58
Meghalaya,6,Jaintia Hills West,2015,9,1,7,0,0,0,0,0,0,0,0,0,0,0,17
Meghalaya,7,Jaintia Hills East,2015,5,0,2,0,8,0,0,0,0,0,0,0,0,0,15
Meghalaya,8,Khasi Hills East,2015,15,3,3,0,43,17,24,0,0,0,0,0,0,0,105
Meghalaya,9,Khasi Hills South West,2015,4,0,0,0,2,0,0,0,0,0,0,0,0,0,6
Meghalaya,10,Khasi Hills West,2015,3,0,2,0,4,0,2,0,0,0,0,0,0,0,11
Meghalaya,11,Ri-Bhoi,2015,33,11,11,1,8,1,1,0,0,0,0,0,0,0,66
Meghalaya,12,Total District(s),2015,93,23,58,1,95,20,44,0,0,0,0,0,0,0,334
Mizoram,1,Aizawl,2015,17,2,3,0,30,1,3,0,0,0,0,0,0,0,56
Mizoram,2,Champhai,2015,5,0,0,0,5,0,0,0,0,0,0,0,0,0,10
Mizoram,3,Kolasib,2015,6,0,3,0,7,0,3,0,0,0,0,0,0,0,19
Mizoram,4,Lawngtlai,2015,7,4,1,0,3,0,0,0,0,0,0,0,0,0,15
Mizoram,5,Lunglei,2015,9,0,0,0,16,1,0,0,0,0,0,0,0,0,26
Mizoram,6,Mamit,2015,1,0,0,0,9,0,2,0,0,0,0,0,0,0,12
Mizoram,7,Saiha,2015,6,0,0,0,2,0,0,0,0,0,0,0,0,0,8
Mizoram,8,Serchhip,2015,7,0,1,0,3,0,1,0,0,0,0,0,0,0,12
Mizoram,9,Spl Traffic,2015,0,0,0,0,0,0,0,0,0,0,0,0,0,0,0
Mizoram,10,Spl Narcotic,2015,0,0,0,0,0,0,0,0,0,0,0,0,0,0,0
Mizoram,11,Total District(s),2015,58,6,8,0,75,2,9,0,0,0,0,0,0,0,158
Nagaland,1,Dimapur,2015,16,1,29,0,6,1,2,0,0,0,0,0,0,3,58
Nagaland,2,Kiphire,2015,0,0,0,0,0,0,0,0,0,0,0,0,0,0,0
Nagaland,3,Kohima,2015,10,0,0,0,0,8,1,0,0,0,0,0,0,0,19
Nagaland,4,Longleng,2015,0,0,0,0,0,0,0,0,0,0,0,0,0,0,0
Nagaland,5,Mokokchung,2015,1,0,0,0,0,0,0,0,0,0,0,0,0,0,1
Nagaland,6,Mon,2015,2,0,0,0,2,0,1,0,0,0,0,0,0,0,5
Nagaland,7,Peren,2015,1,0,0,0,0,0,0,0,0,0,0,0,0,0,1
Nagaland,8,Phek,2015,2,0,0,0,0,0,0,0,0,0,0,0,0,0,2
Nagaland,9,Tuensang,2015,0,0,1,0,0,0,0,0,0,0,0,0,0,0,1
Nagaland,10,Wokha,2015,2,0,0,0,0,0,0,0,0,0,0,0,0,0,2
Nagaland,11,Zunheboto,2015,1,0,0,0,0,0,0,0,0,0,0,0,0,0,1
Nagaland,12,Total District(s),2015,35,1,30,0,8,9,4,0,0,0,0,0,0,3,90
Odisha,1,Angul,2015,55,7,79,1,287,17,164,0,0,0,0,0,0,2,612
Odisha,2,Balasore,2015,125,18,194,0,591,17,97,0,0,359,0,0,0,2,1403
Odisha,3,Baragarh,2015,85,0,88,17,320,20,171,0,0,0,0,0,0,5,706
Odisha,4,Berhampur,2015,40,0,54,0,95,21,236,0,0,0,0,0,0,4,450
Odisha,5,Bhadrak,2015,79,0,126,12,259,19,177,0,0,0,0,0,0,0,672
Odisha,6,Bolangir,2015,73,0,94,12,315,9,85,0,0,0,0,0,0,2,590
Odisha,7,Boudh,2015,27,0,14,8,113,4,23,0,0,50,0,0,0,0,239
Odisha,8,Cuttack,2015,46,0,70,0,55,18,29,0,0,0,0,0,0,0,218
Odisha,9,DCP BBSR,2015,87,0,140,22,130,20,143,0,0,0,0,0,0,17,559
Odisha,10,DCP CTC,2015,40,0,106,14,73,2,45,0,0,181,0,0,0,0,461
Odisha,11,Deogarh,2015,24,3,23,2,126,12,31,0,0,26,0,0,0,0,247
Odisha,12,Dhenkanal,2015,50,3,47,13,442,34,43,0,0,134,0,0,0,0,766
Odisha,13,Gajapati,2015,26,0,5,2,78,1,10,0,0,21,0,0,0,0,143
Odisha,14,Ganjam,2015,91,0,112,19,184,33,112,0,0,0,0,0,0,0,551
Odisha,15,Jagatsinghpur,2015,48,0,68,27,195,15,114,0,0,0,0,0,0,0,467
Odisha,16,Jajpur,2015,125,21,121,46,189,19,194,0,0,0,0,0,0,0,715
Odisha,17,Jharsuguda,2015,45,0,24,4,114,2,51,0,0,0,0,0,0,0,240
Odisha,18,Kalahandi,2015,67,4,105,7,382,25,180,0,0,0,0,0,0,0,770
Odisha,19,Kandhamal,2015,80,13,76,7,80,16,217,0,0,0,0,0,0,0,489
Odisha,20,Kendrapara,2015,44,18,78,18,196,21,228,0,0,0,0,0,0,1,604
Odisha,21,Keonjhar,2015,107,5,75,11,309,11,93,0,0,0,0,0,0,0,611
Odisha,22,Khurda,2015,50,0,53,17,74,19,116,0,0,0,0,0,0,0,329
Odisha,23,Koraput,2015,119,0,86,12,164,9,154,0,0,0,0,0,0,0,544
Odisha,24,Malkangiri,2015,28,0,24,4,66,5,14,0,0,21,0,0,0,0,162
Odisha,25,Mayurbhanj,2015,154,14,126,0,301,28,242,0,0,0,0,0,0,1,866
Odisha,26,Nayagarh,2015,35,7,52,20,79,4,21,0,0,90,0,0,0,1,309
Odisha,27,Nabarangpur,2015,101,3,110,3,281,20,100,0,0,48,0,0,0,0,666
Odisha,28,Nuapada,2015,24,0,32,1,97,6,75,0,0,0,0,0,0,0,235
Odisha,29,Puri,2015,64,8,135,26,139,7,70,0,0,186,0,0,0,0,635
Odisha,30,Rayagada,2015,66,0,78,5,88,13,56,0,0,0,0,0,0,0,306
Odisha,31,Rourkela,2015,70,0,83,4,192,5,83,0,0,82,0,0,0,0,519
Odisha,32,Sambalpur,2015,91,11,38,14,240,10,129,0,0,2,0,0,0,0,535
Odisha,33,Sonepur,2015,22,2,16,8,111,4,18,0,0,0,0,0,0,0,181
Odisha,34,SRP (Cuttack),2015,3,0,3,0,8,0,0,0,0,0,0,0,0,0,14
Odisha,35,SRP (Rourkela),2015,1,0,6,0,4,2,2,0,0,0,0,0,0,0,15
Odisha,36,Sundargarh,2015,59,0,46,0,122,3,82,0,1,1,0,0,0,0,314
Odisha,37,"CID, CB",2015,0,0,0,0,0,0,0,0,0,0,0,0,0,0,0
Odisha,38,HRPC,2015,0,0,0,0,0,1,0,0,0,0,0,0,0,0,1
Odisha,39,Total District(s),2015,2251,137,2587,356,6499,472,3605,0,1,1201,0,0,0,35,17144
Punjab,1,Amritsar Rural,2015,49,16,69,2,60,0,59,0,8,1,0,0,0,0,264
Punjab,2,Barnala,2015,28,1,29,0,33,0,26,0,8,1,0,0,0,0,126
Punjab,3,Batala,2015,27,2,41,8,25,0,43,0,0,0,0,0,0,0,146
Punjab,4,Bathinda,2015,57,4,47,7,55,2,48,0,10,0,0,0,0,5,235
Punjab,5,CP Amritsar,2015,27,6,62,3,38,2,102,0,4,0,0,0,0,5,249
Punjab,6,CP Jalandhar,2015,41,10,99,1,77,7,114,0,9,0,0,0,0,3,361
Punjab,7,CP Ludhiana,2015,101,18,231,4,131,7,128,0,12,0,0,0,0,21,653
Punjab,8,Faridkot,2015,24,3,8,1,36,0,13,0,4,0,0,0,0,1,90
Punjab,9,Fatehgarh Sahib,2015,22,1,13,0,32,0,40,0,1,0,0,0,0,0,109
Punjab,10,Fazilka,2015,44,2,24,2,36,0,52,0,3,1,0,0,0,1,165
Punjab,11,Ferozepur,2015,26,1,38,0,40,1,40,0,2,0,0,0,0,1,149
Punjab,12,G. R. P.,2015,1,0,2,0,5,1,0,0,0,0,0,0,0,0,9
Punjab,13,Gurdaspur,2015,17,0,25,3,16,0,36,0,0,0,0,0,0,0,97
Punjab,14,Hoshiarpur,2015,45,7,47,10,53,0,115,0,12,0,0,0,0,3,292
Punjab,15,Jalandhar Rural,2015,33,3,32,2,36,0,37,0,8,0,0,0,0,1,152
Punjab,16,Kapurthala,2015,21,2,32,5,33,1,46,0,1,0,0,0,0,6,147
Punjab,17,Khanna,2015,14,6,42,0,21,0,33,0,0,0,0,0,0,3,119
Punjab,18,Ludhiana Rural,2015,7,0,58,1,24,1,31,0,0,0,0,0,0,0,122
Punjab,19,Mansa,2015,26,7,7,2,22,0,46,0,4,0,0,0,0,2,116
Punjab,20,Moga,2015,22,1,39,0,33,2,25,0,6,1,0,0,1,2,132
Punjab,21,Muktsar,2015,21,2,23,1,19,3,37,0,6,2,1,0,0,2,117
Punjab,22,Pathankot,2015,17,5,24,1,28,0,49,0,3,1,0,0,0,3,131
Punjab,23,Patiala,2015,57,6,87,7,83,0,152,0,19,1,0,0,0,3,415
Punjab,24,Ropar,2015,19,6,16,5,34,0,31,0,0,0,0,0,0,0,111
Punjab,25,Sangrur,2015,45,2,48,9,51,0,64,0,0,0,0,0,0,6,225
Punjab,26,SAS Nagar,2015,43,7,65,5,51,0,127,0,0,0,0,0,0,0,298
Punjab,27,SBS Nagar,2015,16,2,0,1,13,0,37,0,2,0,0,0,0,1,72
Punjab,28,Tarn Taran,2015,36,8,45,5,38,0,52,0,4,0,0,0,1,0,189
Punjab,29,Total District(s),2015,886,128,1253,85,1123,27,1583,0,126,8,1,0,2,69,5291
Rajasthan,1,Ajmer,2015,123,18,167,9,184,1,792,0,7,0,0,0,0,2,1303
Rajasthan,2,Alwar,2015,254,77,224,44,205,0,717,0,3,4,1,0,0,3,1532
Rajasthan,3,Banswara,2015,100,3,128,13,70,0,212,0,7,1,0,0,10,0,544
Rajasthan,4,Baran,2015,86,12,128,4,208,0,349,0,7,0,0,0,0,0,794
Rajasthan,5,Barmer,2015,120,5,47,39,268,0,278,0,2,0,1,0,0,0,760
Rajasthan,6,Bharatpur,2015,244,64,196,31,74,0,594,0,3,0,0,0,0,2,1208
Rajasthan,7,Bhilwara,2015,90,0,212,9,160,1,711,0,4,0,0,0,0,0,1187
Rajasthan,8,Bikaner,2015,91,0,65,22,68,0,475,0,6,2,1,0,0,1,731
Rajasthan,9,Bundi,2015,60,0,128,3,143,0,293,0,0,0,1,0,0,4,632
Rajasthan,10,Chittorgarh,2015,106,0,142,10,130,0,619,0,4,0,0,0,0,2,1013
Rajasthan,11,Churu,2015,81,6,42,14,44,0,237,0,3,0,0,0,1,0,428
Rajasthan,12,Dausa,2015,53,0,61,5,23,0,199,0,3,0,0,0,0,0,344
Rajasthan,13,Dholpur,2015,56,25,90,28,41,0,264,0,0,0,0,0,0,0,504
Rajasthan,14,Dungarpur,2015,117,1,121,10,90,0,172,0,7,0,0,0,0,0,518
Rajasthan,15,G.R.P.Ajmer,2015,2,0,0,1,12,0,0,0,2,0,0,0,0,0,17
Rajasthan,16,G.R.P.Jodhpur,2015,0,0,1,1,4,0,0,0,0,0,0,0,0,0,6
Rajasthan,17,Ganganagar,2015,160,9,108,13,147,0,812,0,12,0,1,0,0,4,1266
Rajasthan,18,Hanumangarh,2015,122,14,80,14,83,0,549,0,5,1,0,0,0,1,869
Rajasthan,19,Jaipur East,2015,83,2,122,7,108,0,262,0,1,0,0,0,0,4,589
Rajasthan,20,Jaipur North,2015,62,0,89,5,59,0,305,0,0,0,0,0,0,3,523
Rajasthan,21,Jaipur Rural,2015,83,23,95,8,123,0,257,0,3,1,1,0,0,2,596
Rajasthan,22,Jaipur South,2015,64,0,69,8,59,0,224,0,1,0,0,0,0,4,429
Rajasthan,23,Jaipur West,2015,70,1,123,10,98,0,322,0,1,0,0,0,1,12,638
Rajasthan,24,Jaisalmer,2015,9,0,13,4,53,0,39,0,0,0,0,0,0,0,118
Rajasthan,25,Jalore,2015,29,0,31,12,49,0,174,0,4,0,1,0,0,0,300
Rajasthan,26,Jhalawar,2015,130,11,124,8,266,0,444,0,4,0,0,0,0,0,987
Rajasthan,27,Jhunjhunu,2015,88,3,68,11,45,0,325,0,4,0,1,0,0,0,545
Rajasthan,28,Jodhpur East,2015,46,0,36,3,131,0,193,0,8,0,0,0,0,8,425
Rajasthan,29,Jodhpur West,2015,30,0,42,11,89,0,209,0,4,0,0,0,0,3,388
Rajasthan,30,Jodhpur Rural,2015,56,2,54,16,144,6,134,0,3,0,0,0,0,0,415
Rajasthan,31,Karauli,2015,56,35,94,16,98,0,201,0,0,0,0,0,0,0,500
Rajasthan,32,Kota City,2015,91,10,143,4,136,0,471,0,1,0,0,0,0,2,858
Rajasthan,33,Kota Rural,2015,40,0,81,3,159,0,193,0,2,0,0,0,0,0,478
Rajasthan,34,Nagaur,2015,96,0,146,10,108,0,512,0,9,0,0,0,0,0,881
Rajasthan,35,Pali,2015,79,5,139,10,229,0,489,0,2,0,1,0,0,2,956
Rajasthan,36,Pratapgarh,2015,191,4,106,7,179,0,242,0,8,0,0,0,0,2,739
Rajasthan,37,Rajsamand,2015,39,0,76,6,80,0,267,0,3,0,0,0,0,3,474
Rajasthan,38,Sawai Madhopur,2015,58,13,91,11,92,0,262,0,1,0,0,0,0,11,539
Rajasthan,39,Sikar,2015,92,6,105,15,55,0,420,0,2,0,0,0,0,0,695
Rajasthan,40,Sirohi,2015,60,10,72,4,83,1,216,0,0,0,0,0,2,2,450
Rajasthan,41,Tonk,2015,36,21,74,1,72,0,332,0,2,0,0,0,0,1,539
Rajasthan,42,Udaipur,2015,191,27,234,3,344,0,617,0,23,0,0,0,0,8,1447
Rajasthan,43,Jaipur Metro,2015,0,0,0,0,0,0,0,0,0,0,0,0,0,0,0
Rajasthan,44,Total District(s),2015,3644,407,4167,463,4813,9,14383,0,161,9,9,0,14,86,28165
Sikkim,1,East,2015,0,1,18,1,14,2,2,0,0,0,0,0,0,0,38
Sikkim,2,North,2015,0,0,0,0,1,0,0,0,0,0,0,0,0,0,1
Sikkim,3,South,2015,2,0,3,0,3,0,0,0,0,0,0,0,0,0,8
Sikkim,4,West,2015,3,0,0,0,3,0,0,0,0,0,0,0,0,0,6
Sikkim,5,Total District(s),2015,5,1,21,1,21,2,2,0,0,0,0,0,0,0,53
Tamil Nadu,1,Ariyalur,2015,5,0,3,0,19,0,5,0,0,1,0,0,0,0,33
Tamil Nadu,2,Chennai,2015,25,4,15,7,68,2,196,0,0,3,0,0,2,201,523
Tamil Nadu,3,Coimbatore,2015,5,0,19,1,28,0,28,0,0,1,0,0,0,14,96
Tamil Nadu,4,Coimbatore City,2015,2,0,6,1,16,0,41,0,0,0,1,0,0,37,104
Tamil Nadu,5,Cuddalore,2015,27,0,47,3,61,0,53,0,0,2,0,0,0,3,196
Tamil Nadu,6,Dharmapuri,2015,9,3,99,0,30,2,20,0,10,0,0,0,0,5,178
Tamil Nadu,7,Dindigul,2015,19,0,148,4,46,0,96,0,0,0,0,0,0,25,338
Tamil Nadu,8,Erode,2015,4,0,8,0,23,0,28,0,0,2,0,0,0,4,69
Tamil Nadu,9,Kanchipuram,2015,18,0,10,1,10,3,11,0,0,3,0,0,0,0,56
Tamil Nadu,10,Kanyakumari,2015,9,0,18,0,2,0,65,0,0,64,0,0,0,7,165
Tamil Nadu,11,Karur,2015,7,0,5,1,16,0,10,0,0,16,0,0,0,8,63
Tamil Nadu,12,Krishnagiri,2015,18,5,67,3,41,2,23,0,9,0,0,0,0,8,176
Tamil Nadu,13,Madurai,2015,25,0,118,2,73,3,310,0,0,61,2,0,0,7,601
Tamil Nadu,14,Madurai City,2015,13,0,17,0,26,1,78,0,0,0,0,0,0,17,152
Tamil Nadu,15,Nagapattinam,2015,11,0,30,0,31,1,29,0,0,0,0,0,0,8,110
Tamil Nadu,16,Namakkal,2015,5,1,34,1,32,0,9,0,0,1,0,0,0,2,85
Tamil Nadu,17,Nilgiris,2015,3,0,4,1,14,0,2,0,0,3,2,0,0,17,46
Tamil Nadu,18,Perambalur,2015,2,0,4,0,24,0,21,0,0,0,0,0,0,0,51
Tamil Nadu,19,Pudukottai,2015,1,0,16,1,20,0,27,0,0,0,0,0,1,0,66
Tamil Nadu,20,Ramnathapuram,2015,12,0,46,2,20,0,28,0,3,27,0,0,0,1,139
Tamil Nadu,21,Railway Chennai,2015,0,0,1,1,8,0,0,0,0,0,0,0,0,0,10
Tamil Nadu,22,Railway Trichy,2015,0,0,0,0,2,0,0,0,0,0,0,0,0,0,2
Tamil Nadu,23,Salem,2015,14,0,96,5,94,0,24,0,12,1,1,0,0,6,253
Tamil Nadu,24,Salem City,2015,3,0,12,4,17,0,26,0,0,0,0,0,0,0,62
Tamil Nadu,25,Sivagangai,2015,16,1,64,0,31,0,83,0,8,0,0,0,0,3,206
Tamil Nadu,26,Thanjavur,2015,8,0,19,3,56,0,29,0,0,1,0,0,0,12,128
Tamil Nadu,27,Theni,2015,5,0,38,1,20,0,76,0,3,0,0,0,0,3,146
Tamil Nadu,28,Thirunelveli,2015,26,5,37,6,53,0,128,0,12,19,0,0,0,3,289
Tamil Nadu,29,Thirunelveli City,2015,5,0,2,1,3,0,8,0,0,12,0,0,0,6,37
Tamil Nadu,30,Thiruvallur,2015,4,0,3,1,8,0,13,0,0,0,0,0,0,5,34
Tamil Nadu,31,Thiruvannamalai,2015,11,5,41,1,9,2,40,0,0,18,0,0,0,1,128
Tamil Nadu,32,Thiruvarur,2015,1,1,40,3,3,2,20,0,0,5,1,0,0,2,78
Tamil Nadu,33,Thoothukudi,2015,20,1,18,0,18,0,93,0,9,14,0,0,1,2,176
Tamil Nadu,34,Tiruppur,2015,4,0,21,1,12,0,33,0,8,0,0,0,0,5,84
Tamil Nadu,35,Tiruppur City,2015,1,0,4,0,3,0,16,0,0,1,0,0,0,13,38
Tamil Nadu,36,Trichy,2015,7,1,14,1,47,0,36,0,0,0,0,0,0,16,122
Tamil Nadu,37,Trichy City,2015,2,1,8,3,7,0,29,0,0,1,0,0,0,13,64
Tamil Nadu,38,Vellore,2015,17,0,39,1,40,0,47,0,0,23,0,0,0,12,179
Tamil Nadu,39,Villupuram,2015,38,0,144,2,101,0,73,0,5,2,0,0,0,8,373
Tamil Nadu,40,Virudhunagar,2015,19,1,20,3,31,2,46,0,0,52,0,0,0,17,191
Tamil Nadu,41,Cyber Cell,2015,0,0,0,0,0,0,0,0,0,0,0,0,0,0,0
Tamil Nadu,42,Other Units,2015,0,0,0,0,0,0,0,0,0,0,0,0,0,0,0
Tamil Nadu,43,Total District(s),2015,421,29,1335,65,1163,20,1900,0,79,333,7,0,4,491,5847
Telangana,1,Adilabad,2015,67,5,26,15,238,89,507,0,5,0,0,0,0,1,953
Telangana,2,Cyberabad,2015,154,5,57,57,583,380,1495,0,82,0,0,0,6,175,2994
Telangana,3,Hyderabad City,2015,113,2,132,25,346,116,1606,0,32,0,2,0,0,31,2405
Telangana,4,Karimnagar,2015,104,2,57,31,456,74,763,0,63,0,0,0,0,13,1563
Telangana,5,Khammam,2015,117,2,97,16,450,126,526,0,59,0,0,0,0,4,1397
Telangana,6,Mahaboob Nagar,2015,179,0,110,20,292,0,366,0,103,0,0,0,0,0,1070
Telangana,7,Medak,2015,97,7,44,38,288,46,448,0,47,0,0,0,0,4,1019
Telangana,8,Nalgonda,2015,123,11,40,21,444,209,611,0,59,0,0,0,0,15,1533
Telangana,9,Nizamabad,2015,33,4,12,10,123,108,449,0,37,0,0,0,0,3,779
Telangana,10,Ranga Reddy,2015,31,0,10,7,60,21,131,0,32,0,0,0,0,2,294
Telangana,11,Secunderabad Railway,2015,2,0,0,0,8,3,2,0,0,0,0,0,0,0,15
Telangana,12,Warangal Rural,2015,52,3,39,19,226,48,180,0,40,0,0,0,0,0,607
Telangana,13,Warangal City,2015,33,2,24,3,94,68,245,0,31,2,0,0,0,4,506
Telangana,14,Total District(s),2015,1105,43,648,262,3608,1288,7329,0,590,2,2,0,6,252,15135
Tripura,1,Dhalai,2015,26,5,10,3,38,0,38,0,0,0,0,0,0,0,120
Tripura,2,Gomati,2015,32,2,12,6,21,0,102,0,0,0,0,0,0,0,175
Tripura,3,G. R. P.,2015,0,0,0,0,0,0,0,0,0,0,0,0,0,0,0
Tripura,4,Kowai,2015,18,1,12,3,37,0,27,0,0,0,0,0,0,0,98
Tripura,5,North,2015,20,10,17,4,49,0,58,0,0,0,0,0,0,0,158
Tripura,6,Sipahijala,2015,24,3,18,3,47,0,72,0,0,0,0,0,0,0,167
Tripura,7,South,2015,32,8,13,4,36,1,86,0,4,0,0,0,0,0,184
Tripura,8,Unakoti,2015,14,3,9,1,14,2,11,0,3,0,0,0,0,0,57
Tripura,9,West,2015,47,6,29,4,110,3,107,0,0,0,0,0,0,2,308
Tripura,10,Total District(s),2015,213,38,120,28,352,6,501,0,7,0,0,0,0,2,1267
Uttar Pradesh,1,Agra,2015,69,9,353,79,280,0,380,0,9,0,0,0,0,5,1184
Uttar Pradesh,2,Aligarh,2015,76,20,292,53,183,0,317,0,13,0,0,0,0,0,954
Uttar Pradesh,3,Allahabad,2015,70,0,223,82,221,0,329,0,9,7,0,0,0,4,945
Uttar Pradesh,4,Ambedkar Nagar,2015,32,1,71,24,45,0,23,0,0,63,0,0,0,0,259
Uttar Pradesh,5,Amethi,2015,22,0,92,20,72,0,0,0,1,53,0,0,0,0,260
Uttar Pradesh,6,Amroha,2015,55,0,81,25,112,0,0,0,0,174,0,0,0,0,447
Uttar Pradesh,7,Auraiya,2015,19,0,106,33,87,0,225,0,6,6,0,0,0,0,482
Uttar Pradesh,8,Azamgarh,2015,41,9,128,34,76,0,0,0,1,152,0,0,0,1,442
Uttar Pradesh,9,Badaun,2015,73,7,200,35,159,0,91,0,7,13,0,0,0,0,585
Uttar Pradesh,10,Baghpat,2015,34,9,86,10,78,0,115,0,0,94,0,0,0,0,426
Uttar Pradesh,11,Bahraich,2015,40,0,128,47,71,0,0,0,0,203,0,0,0,0,489
Uttar Pradesh,12,Ballia,2015,28,1,109,15,65,0,0,0,0,74,0,0,0,0,292
Uttar Pradesh,13,Balrampur,2015,14,9,36,13,28,0,3,0,1,0,0,0,0,0,104
Uttar Pradesh,14,Banda,2015,34,0,64,30,126,0,49,0,3,5,0,0,0,0,311
Uttar Pradesh,15,Barabanki,2015,34,0,75,27,49,0,3,0,0,70,0,0,0,0,258
Uttar Pradesh,16,Bareilly,2015,67,0,335,46,257,0,294,0,0,18,0,0,0,2,1019
Uttar Pradesh,17,Basti,2015,25,0,70,16,31,0,0,0,0,41,0,0,0,0,183
Uttar Pradesh,18,Bijnor,2015,50,40,164,34,124,0,143,0,0,187,0,0,0,0,742
Uttar Pradesh,19,Bulandshahar,2015,93,14,247,55,211,0,2,0,0,294,0,0,0,1,917
Uttar Pradesh,20,Chandoli,2015,17,2,62,22,64,0,77,0,4,15,0,0,0,0,263
Uttar Pradesh,21,Chitrakoot,2015,19,0,55,17,56,0,18,0,6,0,0,0,0,1,172
Uttar Pradesh,22,Deoria,2015,51,4,124,22,46,0,44,0,3,14,0,0,0,0,308
Uttar Pradesh,23,Etah,2015,28,5,91,31,78,0,100,0,7,0,0,0,0,0,340
Uttar Pradesh,24,Etawah,2015,26,5,125,43,101,1,169,0,7,1,0,0,0,0,478
Uttar Pradesh,25,Faizabad,2015,29,1,100,20,59,0,3,0,0,97,0,0,3,0,312
Uttar Pradesh,26,Fatehgarh,2015,22,0,97,35,38,2,159,0,2,0,0,0,0,0,355
Uttar Pradesh,27,Fatehpur,2015,45,25,134,32,148,0,87,0,1,4,0,0,0,0,476
Uttar Pradesh,28,Firozabad,2015,42,14,234,68,148,0,164,0,8,0,0,0,0,0,678
Uttar Pradesh,29,G. R. P.,2015,6,0,22,2,89,0,0,0,2,1,0,0,0,0,122
Uttar Pradesh,30,Gautambudh Nagar,2015,44,5,150,18,160,0,0,0,0,145,0,0,0,0,522
Uttar Pradesh,31,Ghaziabad,2015,118,13,427,38,214,0,507,0,11,0,0,0,0,2,1330
Uttar Pradesh,32,Ghazipur,2015,40,2,148,30,112,0,108,0,7,0,0,0,0,0,447
Uttar Pradesh,33,Gonda,2015,23,2,87,41,50,0,4,0,0,21,0,0,0,1,229
Uttar Pradesh,34,Gorakhpur,2015,88,19,236,37,115,0,163,0,4,0,0,0,0,0,662
Uttar Pradesh,35,Hamirpur,2015,35,0,66,33,177,0,61,0,9,5,0,0,0,0,386
Uttar Pradesh,36,Hapur,2015,38,0,84,11,74,1,78,0,2,0,0,0,0,0,288
Uttar Pradesh,37,Hardoi,2015,38,23,151,41,90,0,108,0,0,37,0,0,0,0,488
Uttar Pradesh,38,Hathras,2015,36,0,87,20,110,0,71,0,4,0,0,0,0,0,328
Uttar Pradesh,39,Jalaun,2015,7,6,50,36,52,0,11,0,2,0,0,0,0,0,164
Uttar Pradesh,40,Jaunpur,2015,37,0,126,43,45,0,41,0,0,0,0,0,0,0,292
Uttar Pradesh,41,Jhansi,2015,39,3,140,34,142,3,186,0,4,0,0,0,0,1,552
Uttar Pradesh,42,Kannauj,2015,22,4,94,26,69,0,69,0,0,0,0,0,0,0,284
Uttar Pradesh,43,Kanpur Dehat,2015,16,5,133,37,122,0,150,0,3,6,0,0,0,0,472
Uttar Pradesh,44,Kanpur Nagar,2015,57,5,421,78,206,0,528,0,0,14,0,0,0,5,1314
Uttar Pradesh,45,Kasganj,2015,18,0,92,25,57,0,43,0,0,0,0,0,0,0,235
Uttar Pradesh,46,Kaushambi,2015,40,5,119,24,155,0,7,0,3,53,0,0,0,0,406
Uttar Pradesh,47,Khiri,2015,28,0,184,57,102,0,123,0,0,0,0,0,0,1,495
Uttar Pradesh,48,Kushi Nagar,2015,34,3,161,30,59,0,58,0,3,0,0,0,0,0,348
Uttar Pradesh,49,Lalitpur,2015,26,0,44,14,45,0,24,0,0,0,0,0,0,0,153
Uttar Pradesh,50,Lucknow,2015,103,2,347,54,353,0,899,0,0,1,0,0,0,3,1762
Uttar Pradesh,51,Maharajganj,2015,26,0,70,26,16,0,81,0,4,0,0,0,0,2,225
Uttar Pradesh,52,Mahoba,2015,20,0,57,17,107,2,27,0,14,0,0,0,0,0,244
Uttar Pradesh,53,Mainpuri,2015,27,1,106,41,75,0,0,0,6,77,0,0,0,0,333
Uttar Pradesh,54,Mathura,2015,31,0,158,36,115,0,251,0,6,0,0,0,0,0,597
Uttar Pradesh,55,Mau,2015,22,2,79,11,27,0,13,0,0,40,0,0,0,0,194
Uttar Pradesh,56,Meerut,2015,56,35,135,26,237,0,349,0,20,0,0,0,0,1,859
Uttar Pradesh,57,Mirzapur,2015,18,0,9,19,9,1,21,0,0,19,0,0,0,0,96
Uttar Pradesh,58,Moradabad,2015,109,4,200,22,189,1,321,0,0,0,0,0,0,0,846
Uttar Pradesh,59,Muzaffarnagar,2015,25,2,147,21,133,0,244,0,0,0,0,0,0,0,572
Uttar Pradesh,60,Pilibhit,2015,41,31,99,20,82,0,108,0,12,0,0,0,0,0,393
Uttar Pradesh,61,Pratapgarh,2015,59,3,164,22,127,0,167,0,4,0,0,0,0,0,546
Uttar Pradesh,62,Raibareilly,2015,34,0,90,21,77,0,30,0,5,51,0,0,0,0,308
Uttar Pradesh,63,Rampur,2015,44,0,108,10,58,0,210,0,0,0,0,0,1,0,431
Uttar Pradesh,64,Saharanpur,2015,68,10,168,27,145,0,221,0,0,0,0,0,0,2,641
Uttar Pradesh,65,Sambhal,2015,33,0,111,24,62,0,86,0,0,110,0,0,0,0,426
Uttar Pradesh,66,Sant Kabirnagar,2015,25,3,59,16,22,0,0,0,0,14,0,0,0,0,139
Uttar Pradesh,67,Shahjahanpur,2015,48,0,176,44,117,0,87,0,1,0,0,0,0,0,473
Uttar Pradesh,68,Shamli,2015,18,5,62,10,47,0,86,0,0,0,0,0,0,0,228
Uttar Pradesh,69,Shrawasti,2015,5,2,42,7,32,0,1,0,1,48,0,0,0,0,138
Uttar Pradesh,70,Sidharthnagar,2015,16,0,75,28,43,0,47,0,0,0,0,0,0,0,209
Uttar Pradesh,71,Sitapur,2015,63,0,192,62,139,0,133,0,18,0,0,0,0,0,607
Uttar Pradesh,72,Sonbhadra,2015,23,0,24,21,18,0,5,0,4,34,0,0,0,0,129
Uttar Pradesh,73,Bhadohi,2015,12,0,34,11,12,0,1,0,4,36,0,0,0,0,110
Uttar Pradesh,74,Sultanpur,2015,33,3,129,16,60,0,0,0,0,110,0,0,0,0,351
Uttar Pradesh,75,Unnao,2015,42,10,207,53,162,0,137,0,0,113,0,0,0,0,724
Uttar Pradesh,76,Varanasi,2015,79,39,183,27,163,0,0,0,10,246,0,0,0,1,748
Uttar Pradesh,77,Total District(s),2015,3025,422,10135,2335,7885,11,8660,0,251,2766,0,0,4,33,35527
Uttarakhand,1,Almora,2015,6,1,21,1,1,0,3,0,0,0,0,0,0,0,33
Uttarakhand,2,Bageshwar,2015,7,0,10,2,8,0,4,0,0,0,0,0,0,0,31
Uttarakhand,3,Chamoli,2015,4,0,21,0,5,0,5,0,0,0,0,0,0,0,35
Uttarakhand,4,Champawat,2015,4,0,4,0,3,0,2,1,0,0,0,0,0,0,14
Uttarakhand,5,Dehradun,2015,57,3,26,11,71,1,168,0,0,0,0,0,0,6,343
Uttarakhand,6,Haridwar,2015,75,5,76,13,88,2,64,0,0,3,0,0,0,6,332
Uttarakhand,7,Nainital,2015,32,1,28,4,48,0,23,0,0,0,0,0,0,2,138
Uttarakhand,8,Pauri Garhwal,2015,4,0,24,3,12,0,3,0,1,0,0,0,0,1,48
Uttarakhand,9,Pithoragarh,2015,0,0,7,1,3,0,7,0,0,0,0,0,0,3,21
Uttarakhand,10,Rudra Prayag,2015,2,0,0,2,1,1,2,0,0,0,0,0,0,0,8
Uttarakhand,11,Tehri Garhwal,2015,8,0,16,3,1,0,3,0,0,0,0,0,0,0,31
Uttarakhand,12,Udhamsingh Nagar,2015,72,0,94,14,72,0,120,1,0,9,0,0,0,0,382
Uttarakhand,13,Uttarkashi,2015,12,0,9,0,5,8,3,0,0,0,0,0,0,0,37
Uttarakhand,14,Total District(s),2015,283,10,336,54,318,12,407,2,1,12,0,0,0,18,1453
West Bengal,1,North 24 Parganas,2015,69,118,383,45,302,20,1748,0,0,1,0,0,0,4,2690
West Bengal,2,South 24 Parganas,2015,111,125,375,31,250,18,3160,0,2,0,0,0,0,1,4073
West Bengal,3,Alipurduar,2015,33,30,76,7,118,2,287,0,0,0,0,0,0,0,553
West Bengal,4,Asansol-Durgapur PC,2015,35,20,71,17,103,2,417,0,2,0,0,0,0,1,668
West Bengal,5,Bankura,2015,24,21,76,14,121,7,333,0,15,1,0,0,0,1,613
West Bengal,6,Barrackpur PC,2015,30,16,137,23,318,9,1201,0,1,0,0,0,0,3,1738
West Bengal,7,Bidhannagar PC,2015,12,8,18,6,150,11,308,0,9,0,0,0,0,10,532
West Bengal,8,Birbhum,2015,33,30,28,15,104,3,292,0,3,0,0,0,0,0,508
West Bengal,9,Burdwan,2015,55,75,172,21,247,0,707,0,5,0,0,0,0,19,1301
West Bengal,10,Coochbehar,2015,63,121,177,15,131,4,640,0,17,0,0,0,0,1,1169
West Bengal,11,Dakshin Dinajpur,2015,16,30,97,18,101,4,293,0,2,0,1,0,0,0,562
West Bengal,12,Darjeeling,2015,17,14,35,3,129,4,201,0,0,0,0,0,0,1,404
West Bengal,13,Hooghly,2015,36,36,169,36,209,1,1142,0,42,2,0,0,2,2,1677
West Bengal,14,Howrah G. R. P.,2015,3,0,4,0,14,0,1,0,0,0,0,0,0,0,22
West Bengal,15,Howrah PC,2015,13,6,49,4,234,33,514,0,0,0,0,0,0,0,853
West Bengal,16,Howrah Rural,2015,22,17,100,10,149,0,810,0,2,0,0,0,0,2,1112
West Bengal,17,Jalpaiguri,2015,53,36,176,18,124,5,329,0,21,0,0,0,0,2,764
West Bengal,18,Jhargram Police District,2015,8,0,26,7,63,0,97,0,1,0,0,0,0,0,202
West Bengal,19,Kharagpur G. R. P.,2015,1,0,0,1,8,0,2,0,0,0,0,0,0,0,12
West Bengal,20,Kolkata,2015,33,19,194,15,461,262,876,2,29,0,0,0,0,28,1919
West Bengal,21,Malda,2015,60,71,241,26,179,6,577,0,15,0,0,0,0,0,1175
West Bengal,22,Murshidabad,2015,210,345,298,41,255,18,1771,0,41,0,0,0,0,5,2984
West Bengal,23,Nadia,2015,69,163,395,57,80,2,1553,1,0,0,0,0,0,11,2331
West Bengal,24,Paschim Medinipur,2015,37,32,208,31,577,11,756,0,0,0,0,0,0,1,1653
West Bengal,25,Purab Medinipur,2015,50,85,116,21,99,5,965,0,12,0,0,0,0,2,1355
West Bengal,26,Purulia,2015,24,21,30,6,292,1,161,0,3,0,0,0,0,0,538
West Bengal,27,Sealdah G. R. P.,2015,0,0,8,0,26,7,3,0,0,0,0,0,0,0,44
West Bengal,28,Siliguri G. R. P.,2015,0,0,0,0,11,0,0,0,0,0,0,0,0,0,11
West Bengal,29,Siliguri PC,2015,32,26,207,6,157,15,505,0,0,0,0,0,0,6,954
West Bengal,30,Uttar Dinajpur,2015,50,86,72,4,57,5,514,1,11,0,0,0,0,1,801
West Bengal,31,Total District(s),2015,1199,1551,3938,498,5069,455,20163,4,233,4,1,0,2,101,33218
A & N Islands,1,South Andaman,2015,20,0,11,0,29,4,12,0,1,0,0,0,2,0,79
A & N Islands,2,North & Middle Andaman,2015,15,0,10,0,25,1,2,0,0,0,0,0,0,0,53
A & N Islands,3,Nicobar,2015,1,0,0,0,3,0,0,0,0,0,0,0,0,0,4
A & N Islands,4,Total District(s),2015,36,0,21,0,57,5,14,0,1,0,0,0,2,0,136
Chandigarh,1,Chandigarh,2015,72,6,165,5,76,10,126,0,3,0,0,0,0,0,463
Chandigarh,2,Total District(s),2015,72,6,165,5,76,10,126,0,3,0,0,0,0,0,463
D&N Haveli,1,D&N Haveli,2015,8,0,9,1,5,0,2,0,0,0,0,0,0,0,25
D&N Haveli,2,Total District(s),2015,8,0,9,1,5,0,2,0,0,0,0,0,0,0,25
Daman & Diu,1,Daman,2015,4,0,10,0,7,0,1,0,0,0,0,0,0,0,22
Daman & Diu,2,Diu,2015,1,0,3,0,0,0,2,0,0,0,0,0,0,0,6
Daman & Diu,3,Total District(s),2015,5,0,13,0,7,0,3,0,0,0,0,0,0,0,28
Delhi UT,1,Central,2015,85,0,188,4,256,71,110,0,0,1,0,0,0,0,715
Delhi UT,2,Crime Branch,2015,2,0,1,0,0,0,0,0,0,0,0,0,0,0,3
Delhi UT,3,East,2015,239,4,448,6,588,214,414,0,8,4,0,0,0,1,1926
Delhi UT,4,EOW,2015,0,0,0,0,6,0,0,0,0,0,0,0,0,0,6
Delhi UT,5,IGI Airport,2015,1,0,2,0,11,6,0,0,0,0,0,0,0,0,20
Delhi UT,6,Metro,2015,4,1,1,0,15,2,1,0,0,0,0,0,0,0,24
Delhi UT,7,New Delhi,2015,22,0,26,0,48,12,6,0,0,0,0,0,0,0,114
Delhi UT,8,North,2015,48,3,160,2,173,14,114,0,0,2,0,0,1,0,517
Delhi UT,9,North-East,2015,244,6,533,13,486,40,469,0,4,0,0,0,0,1,1796
Delhi UT,10,North-West,2015,172,1,373,14,400,80,285,0,2,2,0,0,0,0,1329
Delhi UT,11,Outer,2015,315,3,652,28,536,180,563,0,7,0,0,0,0,0,2284
Delhi UT,12,RAILWAY,2015,15,1,9,0,13,3,0,0,0,0,0,0,0,0,41
Delhi UT,13,South,2015,323,5,495,10,1183,520,172,0,1,0,0,0,2,1,2712
Delhi UT,14,South-East,2015,240,5,475,14,559,141,300,0,1,6,0,0,0,0,1741
Delhi UT,15,South-West,2015,217,8,413,13,606,107,397,0,3,2,0,0,0,0,1766
Delhi UT,16,Spl Cell,2015,0,0,0,0,1,0,0,0,0,0,0,0,0,0,1
Delhi UT,17,SPUWAC,2015,0,0,0,0,0,0,157,0,0,0,0,0,0,0,157
Delhi UT,18,Vigilance,2015,0,0,0,0,0,0,0,0,0,0,0,0,0,0,0
Delhi UT,19,West,2015,272,9,525,18,486,102,533,0,3,3,0,0,1,0,1952
Delhi UT,20,Total District(s),2015,2199,46,4301,122,5367,1492,3521,0,29,20,0,0,4,3,17104
Lakshadweep,1,Lakshadweep,2015,0,0,0,0,6,1,2,0,0,0,0,0,0,0,9
Lakshadweep,2,Total District(s),2015,0,0,0,0,6,1,2,0,0,0,0,0,0,0,9
Puducherry,1,Karaikal,2015,0,0,1,0,8,3,0,0,0,0,0,0,0,0,12
Puducherry,2,Puducherry,2015,3,1,13,1,25,7,4,0,0,12,1,0,0,1,68
Puducherry,3,Total District(s),2015,3,1,14,1,33,10,4,0,0,12,1,0,0,1,80
Puducherry,Source: Crime in India,,,,,,,,,,,,,,,,,
